<?xml version="1.0" encoding="UTF-8" standalone="yes"?>
<addon id="plugin.video.ultimateinstaller" name="No-Issue Ultimate Installer" version="0.0.3" provider-name="Gombeek">
  <requires>
    <import addon="xbmc.python" version="2.1.0"/>
  </requires>
  <extension point="xbmc.python.pluginsource" library="default.py">
        <provides>video executable</provides>
  </extension>
  <extension point="xbmc.addon.metadata">
    <summary lang="en">No-Issue Ultimate Installer</summary>
    <description lang="en">One stop installation tool for Kodi.
	For support please visit www.no-issue.ca</description>
    <platform>all</platform>
  </extension>
</addon>
